Actual,Predicted_RF
278.0,164.22
210.0,153.17
192.0,187.36
156.0,288.23
195.0,170.16
172.0,164.19
174.0,101.13
120.0,197.23
137.0,271.47
124.0,169.26
107.0,176.7
85.0,228.97
72.0,338.26
62.0,239.06
45.0,70.62
27.0,50.3
14.0,29.19
21.0,42.05
18.0,28.65
17.0,16.32
16.0,19.26
19.0,17.06
15.0,13.68
9.0,15.02
8.0,17.3
10.0,18.99
9.0,11.32
7.0,13.38
12.0,13.6
16.0,10.74
9.0,14.7
20.0,17.2
6.0,27.63
13.0,11.96
23.0,20.78
32.0,9.17
65.0,15.8
79.0,37.44
74.0,40.63
97.0,111.76
119.0,226.6
237.0,60.06
280.0,139.12
438.0,364.9
872.0,570.49
1055.0,1041.47
965.0,1124.77
723.0,795.12
476.0,355.94
306.0,228.42
239.0,184.45
201.0,215.07
140.0,273.9
86.0,240.24
90.0,168.95
58.0,109.45
